library,function,nfft,warmup,iterations,microseconds_per_iter
flutter_dspc,FFTStatic.rfft,32,200,4000,2.423000
flutter_dspc,FFTStatic.rfftMag,32,200,4000,1.190000
flutter_dspc,RfftPlan.execute,32,200,4000,1.339500
flutter_dspc,RfftPlan.executeSpec,32,200,4000,0.524750
flutter_dspc,FFTStatic.fft,32,200,4000,1.033750
flutter_dspc,CfftPlan.fft,32,200,4000,0.436500
fftea,fftea.realFft,32,200,4000,1.373000
flutter_dspc,FFTStatic.rfft,36,200,4000,1.379250
flutter_dspc,FFTStatic.rfftMag,36,200,4000,0.770750
flutter_dspc,RfftPlan.execute,36,200,4000,0.596750
flutter_dspc,RfftPlan.executeSpec,36,200,4000,0.375750
flutter_dspc,FFTStatic.fft,36,200,4000,0.848750
flutter_dspc,CfftPlan.fft,36,200,4000,0.421750
fftea,fftea.realFft,36,200,4000,2.210250
flutter_dspc,FFTStatic.rfft,40,200,4000,0.618750
flutter_dspc,FFTStatic.rfftMag,40,200,4000,0.395250
flutter_dspc,RfftPlan.execute,40,200,4000,0.109750
flutter_dspc,RfftPlan.executeSpec,40,200,4000,0.118250
flutter_dspc,FFTStatic.fft,40,200,4000,0.568500
flutter_dspc,CfftPlan.fft,40,200,4000,0.149750
fftea,fftea.realFft,40,200,4000,0.916750
flutter_dspc,FFTStatic.rfft,48,200,4000,0.529000
flutter_dspc,FFTStatic.rfftMag,48,200,4000,0.440000
flutter_dspc,RfftPlan.execute,48,200,4000,0.132000
flutter_dspc,RfftPlan.executeSpec,48,200,4000,0.121000
flutter_dspc,FFTStatic.fft,48,200,4000,0.614250
flutter_dspc,CfftPlan.fft,48,200,4000,0.159750
fftea,fftea.realFft,48,200,4000,0.436250
flutter_dspc,FFTStatic.rfft,50,200,4000,0.505000
flutter_dspc,FFTStatic.rfftMag,50,200,4000,0.408250
flutter_dspc,RfftPlan.execute,50,200,4000,0.141000
flutter_dspc,RfftPlan.executeSpec,50,200,4000,0.114500
flutter_dspc,FFTStatic.fft,50,200,4000,0.637000
flutter_dspc,CfftPlan.fft,50,200,4000,0.240250
fftea,fftea.realFft,50,200,4000,0.518250
flutter_dspc,FFTStatic.rfft,54,200,4000,0.508000
flutter_dspc,FFTStatic.rfftMag,54,200,4000,0.461250
flutter_dspc,RfftPlan.execute,54,200,4000,0.142500
flutter_dspc,RfftPlan.executeSpec,54,200,4000,0.133250
flutter_dspc,FFTStatic.fft,54,200,4000,0.731750
flutter_dspc,CfftPlan.fft,54,200,4000,0.243750
fftea,fftea.realFft,54,200,4000,0.653250
flutter_dspc,FFTStatic.rfft,60,200,4000,0.544500
flutter_dspc,FFTStatic.rfftMag,60,200,4000,0.464250
flutter_dspc,RfftPlan.execute,60,200,4000,0.137250
flutter_dspc,RfftPlan.executeSpec,60,200,4000,0.150000
flutter_dspc,FFTStatic.fft,60,200,4000,0.684250
flutter_dspc,CfftPlan.fft,60,200,4000,0.195750
fftea,fftea.realFft,60,200,4000,0.616500
flutter_dspc,FFTStatic.rfft,64,200,4000,0.517500
flutter_dspc,FFTStatic.rfftMag,64,200,4000,0.489500
flutter_dspc,RfftPlan.execute,64,200,4000,0.147750
flutter_dspc,RfftPlan.executeSpec,64,200,4000,0.136250
flutter_dspc,FFTStatic.fft,64,200,4000,0.711250
flutter_dspc,CfftPlan.fft,64,200,4000,0.195000
fftea,fftea.realFft,64,200,4000,0.493750
flutter_dspc,FFTStatic.rfft,72,200,4000,0.560250
flutter_dspc,FFTStatic.rfftMag,72,200,4000,0.507000
flutter_dspc,RfftPlan.execute,72,200,4000,0.163500
flutter_dspc,RfftPlan.executeSpec,72,200,4000,0.152250
flutter_dspc,FFTStatic.fft,72,200,4000,0.756750
flutter_dspc,CfftPlan.fft,72,200,4000,0.282500
fftea,fftea.realFft,72,200,4000,0.819750
flutter_dspc,FFTStatic.rfft,80,200,4000,0.558750
flutter_dspc,FFTStatic.rfftMag,80,200,4000,0.498250
flutter_dspc,RfftPlan.execute,80,200,4000,0.166500
flutter_dspc,RfftPlan.executeSpec,80,200,4000,0.170000
flutter_dspc,FFTStatic.fft,80,200,4000,0.758750
flutter_dspc,CfftPlan.fft,80,200,4000,0.241750
fftea,fftea.realFft,80,200,4000,0.829250
flutter_dspc,FFTStatic.rfft,90,200,4000,0.592250
flutter_dspc,FFTStatic.rfftMag,90,200,4000,0.527250
flutter_dspc,RfftPlan.execute,90,200,4000,0.191500
flutter_dspc,RfftPlan.executeSpec,90,200,4000,0.183250
flutter_dspc,FFTStatic.fft,90,200,4000,0.886500
flutter_dspc,CfftPlan.fft,90,200,4000,0.364750
fftea,fftea.realFft,90,200,4000,1.181500
flutter_dspc,FFTStatic.rfft,96,200,4000,0.595000
flutter_dspc,FFTStatic.rfftMag,96,200,4000,0.560500
flutter_dspc,RfftPlan.execute,96,200,4000,0.206000
flutter_dspc,RfftPlan.executeSpec,96,200,4000,0.214250
flutter_dspc,FFTStatic.fft,96,200,4000,0.852750
flutter_dspc,CfftPlan.fft,96,200,4000,0.299250
fftea,fftea.realFft,96,200,4000,1.089750
flutter_dspc,FFTStatic.rfft,100,200,4000,0.635000
flutter_dspc,FFTStatic.rfftMag,100,200,4000,0.529000
flutter_dspc,RfftPlan.execute,100,200,4000,0.210000
flutter_dspc,RfftPlan.executeSpec,100,200,4000,0.196500
flutter_dspc,FFTStatic.fft,100,200,4000,0.860000
flutter_dspc,CfftPlan.fft,100,200,4000,0.316000
fftea,fftea.realFft,100,200,4000,1.141000
flutter_dspc,FFTStatic.rfft,108,200,4000,0.633500
flutter_dspc,FFTStatic.rfftMag,108,200,4000,0.610500
flutter_dspc,RfftPlan.execute,108,200,4000,0.241500
flutter_dspc,RfftPlan.executeSpec,108,200,4000,0.214750
flutter_dspc,FFTStatic.fft,108,200,4000,0.968000
flutter_dspc,CfftPlan.fft,108,200,4000,0.370250
fftea,fftea.realFft,108,200,4000,1.368500
flutter_dspc,FFTStatic.rfft,120,200,4000,0.655250
flutter_dspc,FFTStatic.rfftMag,120,200,4000,0.592750
flutter_dspc,RfftPlan.execute,120,200,4000,0.236750
flutter_dspc,RfftPlan.executeSpec,120,200,4000,0.227250
flutter_dspc,FFTStatic.fft,120,200,4000,0.997500
flutter_dspc,CfftPlan.fft,120,200,4000,0.446000
fftea,fftea.realFft,120,200,4000,1.451500
flutter_dspc,FFTStatic.rfft,128,200,4000,0.739250
flutter_dspc,FFTStatic.rfftMag,128,200,4000,0.687500
flutter_dspc,RfftPlan.execute,128,200,4000,0.252000
flutter_dspc,RfftPlan.executeSpec,128,200,4000,0.236750
flutter_dspc,FFTStatic.fft,128,200,4000,1.050500
flutter_dspc,CfftPlan.fft,128,200,4000,0.408750
fftea,fftea.realFft,128,200,4000,1.044500
flutter_dspc,FFTStatic.rfft,144,200,4000,0.773500
flutter_dspc,FFTStatic.rfftMag,144,200,4000,0.679500
flutter_dspc,RfftPlan.execute,144,200,4000,0.304750
flutter_dspc,RfftPlan.executeSpec,144,200,4000,0.336250
flutter_dspc,FFTStatic.fft,144,200,4000,1.044500
flutter_dspc,CfftPlan.fft,144,200,4000,0.485000
fftea,fftea.realFft,144,200,4000,1.696250
flutter_dspc,FFTStatic.rfft,150,200,4000,0.798750
flutter_dspc,FFTStatic.rfftMag,150,200,4000,0.687500
flutter_dspc,RfftPlan.execute,150,200,4000,0.302000
flutter_dspc,RfftPlan.executeSpec,150,200,4000,0.286250
flutter_dspc,FFTStatic.fft,150,200,4000,1.196250
flutter_dspc,CfftPlan.fft,150,200,4000,0.608750
fftea,fftea.realFft,150,200,4000,2.005750
flutter_dspc,FFTStatic.rfft,160,200,4000,0.747750
flutter_dspc,FFTStatic.rfftMag,160,200,4000,0.680500
flutter_dspc,RfftPlan.execute,160,200,4000,0.308250
flutter_dspc,RfftPlan.executeSpec,160,200,4000,0.299250
flutter_dspc,FFTStatic.fft,160,200,4000,1.176750
flutter_dspc,CfftPlan.fft,160,200,4000,0.529000
fftea,fftea.realFft,160,200,4000,1.847000
flutter_dspc,FFTStatic.rfft,162,200,4000,0.877500
flutter_dspc,FFTStatic.rfftMag,162,200,4000,0.746750
flutter_dspc,RfftPlan.execute,162,200,4000,0.338250
flutter_dspc,RfftPlan.executeSpec,162,200,4000,0.332250
flutter_dspc,FFTStatic.fft,162,200,4000,1.301000
flutter_dspc,CfftPlan.fft,162,200,4000,0.704750
fftea,fftea.realFft,162,200,4000,2.381500
flutter_dspc,FFTStatic.rfft,180,200,4000,0.839750
flutter_dspc,FFTStatic.rfftMag,180,200,4000,0.765250
flutter_dspc,RfftPlan.execute,180,200,4000,0.354500
flutter_dspc,RfftPlan.executeSpec,180,200,4000,0.353750
flutter_dspc,FFTStatic.fft,180,200,4000,1.263750
flutter_dspc,CfftPlan.fft,180,200,4000,0.655000
fftea,fftea.realFft,180,200,4000,2.376250
flutter_dspc,FFTStatic.rfft,192,200,4000,0.863750
flutter_dspc,FFTStatic.rfftMag,192,200,4000,0.826000
flutter_dspc,RfftPlan.execute,192,200,4000,0.383750
flutter_dspc,RfftPlan.executeSpec,192,200,4000,0.364500
flutter_dspc,FFTStatic.fft,192,200,4000,1.374000
flutter_dspc,CfftPlan.fft,192,200,4000,0.647750
fftea,fftea.realFft,192,200,4000,2.164500
flutter_dspc,FFTStatic.rfft,200,200,4000,1.011250
flutter_dspc,FFTStatic.rfftMag,200,200,4000,0.844500
flutter_dspc,RfftPlan.execute,200,200,4000,0.391750
flutter_dspc,RfftPlan.executeSpec,200,200,4000,0.377000
flutter_dspc,FFTStatic.fft,200,200,4000,1.414750
flutter_dspc,CfftPlan.fft,200,200,4000,0.739250
fftea,fftea.realFft,200,200,4000,2.495750
flutter_dspc,FFTStatic.rfft,216,200,4000,0.951000
flutter_dspc,FFTStatic.rfftMag,216,200,4000,0.956500
flutter_dspc,RfftPlan.execute,216,200,4000,0.429250
flutter_dspc,RfftPlan.executeSpec,216,200,4000,0.431750
flutter_dspc,FFTStatic.fft,216,200,4000,1.490250
flutter_dspc,CfftPlan.fft,216,200,4000,0.848000
fftea,fftea.realFft,216,200,4000,2.984500
flutter_dspc,FFTStatic.rfft,240,200,4000,0.977000
flutter_dspc,FFTStatic.rfftMag,240,200,4000,0.857500
flutter_dspc,RfftPlan.execute,240,200,4000,0.472250
flutter_dspc,RfftPlan.executeSpec,240,200,4000,0.458250
flutter_dspc,FFTStatic.fft,240,200,4000,1.615750
flutter_dspc,CfftPlan.fft,240,200,4000,0.826500
fftea,fftea.realFft,240,200,4000,2.944000
flutter_dspc,FFTStatic.rfft,250,200,4000,1.024500
flutter_dspc,FFTStatic.rfftMag,250,200,4000,0.908750
flutter_dspc,RfftPlan.execute,250,200,4000,0.511500
flutter_dspc,RfftPlan.executeSpec,250,200,4000,0.514500
flutter_dspc,FFTStatic.fft,250,200,4000,1.767500
flutter_dspc,CfftPlan.fft,250,200,4000,0.990250
fftea,fftea.realFft,250,200,4000,3.651750
flutter_dspc,FFTStatic.rfft,256,200,4000,1.024250
flutter_dspc,FFTStatic.rfftMag,256,200,4000,0.957250
flutter_dspc,RfftPlan.execute,256,200,4000,1.059500
flutter_dspc,RfftPlan.executeSpec,256,200,4000,0.705000
flutter_dspc,FFTStatic.fft,256,200,4000,1.800250
flutter_dspc,CfftPlan.fft,256,200,4000,0.866000
fftea,fftea.realFft,256,200,4000,2.500000
flutter_dspc,FFTStatic.rfft,270,200,2000,1.094000
flutter_dspc,FFTStatic.rfftMag,270,200,2000,1.027000
flutter_dspc,RfftPlan.execute,270,200,2000,0.570000
flutter_dspc,RfftPlan.executeSpec,270,200,2000,0.576500
flutter_dspc,FFTStatic.fft,270,200,2000,2.111000
flutter_dspc,CfftPlan.fft,270,200,2000,1.215500
fftea,fftea.realFft,270,200,2000,4.209500
flutter_dspc,FFTStatic.rfft,288,200,2000,1.194500
flutter_dspc,FFTStatic.rfftMag,288,200,2000,1.093500
flutter_dspc,RfftPlan.execute,288,200,2000,0.637500
flutter_dspc,RfftPlan.executeSpec,288,200,2000,0.594500
flutter_dspc,FFTStatic.fft,288,200,2000,1.924000
flutter_dspc,CfftPlan.fft,288,200,2000,1.039500
fftea,fftea.realFft,288,200,2000,4.036500
flutter_dspc,FFTStatic.rfft,300,200,2000,1.176000
flutter_dspc,FFTStatic.rfftMag,300,200,2000,1.097000
flutter_dspc,RfftPlan.execute,300,200,2000,0.629000
flutter_dspc,RfftPlan.executeSpec,300,200,2000,0.579500
flutter_dspc,FFTStatic.fft,300,200,2000,2.254500
flutter_dspc,CfftPlan.fft,300,200,2000,1.114500
fftea,fftea.realFft,300,200,2000,4.060000
flutter_dspc,FFTStatic.rfft,320,200,2000,1.198000
flutter_dspc,FFTStatic.rfftMag,320,200,2000,1.097000
flutter_dspc,RfftPlan.execute,320,200,2000,0.595500
flutter_dspc,RfftPlan.executeSpec,320,200,2000,0.594500
flutter_dspc,FFTStatic.fft,320,200,2000,1.967000
flutter_dspc,CfftPlan.fft,320,200,2000,1.043000
fftea,fftea.realFft,320,200,2000,3.818500
flutter_dspc,FFTStatic.rfft,324,200,2000,1.233000
flutter_dspc,FFTStatic.rfftMag,324,200,2000,1.167500
flutter_dspc,RfftPlan.execute,324,200,2000,0.719500
flutter_dspc,RfftPlan.executeSpec,324,200,2000,0.657000
flutter_dspc,FFTStatic.fft,324,200,2000,2.232000
flutter_dspc,CfftPlan.fft,324,200,2000,1.307000
fftea,fftea.realFft,324,200,2000,4.798000
flutter_dspc,FFTStatic.rfft,360,200,2000,1.341000
flutter_dspc,FFTStatic.rfftMag,360,200,2000,1.222500
flutter_dspc,RfftPlan.execute,360,200,2000,0.728000
flutter_dspc,RfftPlan.executeSpec,360,200,2000,0.701000
flutter_dspc,FFTStatic.fft,360,200,2000,2.384000
flutter_dspc,CfftPlan.fft,360,200,2000,1.308500
fftea,fftea.realFft,360,200,2000,5.277500
flutter_dspc,FFTStatic.rfft,384,200,2000,1.378000
flutter_dspc,FFTStatic.rfftMag,384,200,2000,1.294500
flutter_dspc,RfftPlan.execute,384,200,2000,0.784500
flutter_dspc,RfftPlan.executeSpec,384,200,2000,0.793000
flutter_dspc,FFTStatic.fft,384,200,2000,2.330000
flutter_dspc,CfftPlan.fft,384,200,2000,1.361500
fftea,fftea.realFft,384,200,2000,5.125500
flutter_dspc,FFTStatic.rfft,400,200,2000,1.345000
flutter_dspc,FFTStatic.rfftMag,400,200,2000,1.314500
flutter_dspc,RfftPlan.execute,400,200,2000,0.744500
flutter_dspc,RfftPlan.executeSpec,400,200,2000,0.757500
flutter_dspc,FFTStatic.fft,400,200,2000,2.620500
flutter_dspc,CfftPlan.fft,400,200,2000,1.390500
fftea,fftea.realFft,400,200,2000,5.180500
flutter_dspc,FFTStatic.rfft,432,200,2000,1.611000
flutter_dspc,FFTStatic.rfftMag,432,200,2000,1.420000
flutter_dspc,RfftPlan.execute,432,200,2000,0.881000
flutter_dspc,RfftPlan.executeSpec,432,200,2000,0.882000
flutter_dspc,FFTStatic.fft,432,200,2000,2.798500
flutter_dspc,CfftPlan.fft,432,200,2000,1.537000
fftea,fftea.realFft,432,200,2000,6.148000
flutter_dspc,FFTStatic.rfft,450,200,2000,1.551500
flutter_dspc,FFTStatic.rfftMag,450,200,2000,1.527500
flutter_dspc,RfftPlan.execute,450,200,2000,0.865000
flutter_dspc,RfftPlan.executeSpec,450,200,2000,0.866500
flutter_dspc,FFTStatic.fft,450,200,2000,3.103500
flutter_dspc,CfftPlan.fft,450,200,2000,1.937000
fftea,fftea.realFft,450,200,2000,7.125500
flutter_dspc,FFTStatic.rfft,480,200,2000,1.642000
flutter_dspc,FFTStatic.rfftMag,480,200,2000,1.491000
flutter_dspc,RfftPlan.execute,480,200,2000,0.881500
flutter_dspc,RfftPlan.executeSpec,480,200,2000,0.885500
flutter_dspc,FFTStatic.fft,480,200,2000,3.025000
flutter_dspc,CfftPlan.fft,480,200,2000,1.792500
fftea,fftea.realFft,480,200,2000,6.868000
flutter_dspc,FFTStatic.rfft,486,200,2000,1.792000
flutter_dspc,FFTStatic.rfftMag,486,200,2000,1.734000
flutter_dspc,RfftPlan.execute,486,200,2000,1.087500
flutter_dspc,RfftPlan.executeSpec,486,200,2000,1.048500
flutter_dspc,FFTStatic.fft,486,200,2000,3.428000
flutter_dspc,CfftPlan.fft,486,200,2000,2.269000
fftea,fftea.realFft,486,200,2000,8.298000
flutter_dspc,FFTStatic.rfft,500,200,2000,1.635000
flutter_dspc,FFTStatic.rfftMag,500,200,2000,1.628000
flutter_dspc,RfftPlan.execute,500,200,2000,0.962500
flutter_dspc,RfftPlan.executeSpec,500,200,2000,0.957000
flutter_dspc,FFTStatic.fft,500,200,2000,3.184500
flutter_dspc,CfftPlan.fft,500,200,2000,1.807000
fftea,fftea.realFft,500,200,2000,6.969000
flutter_dspc,FFTStatic.rfft,512,200,2000,1.644500
flutter_dspc,FFTStatic.rfftMag,512,200,2000,1.603500
flutter_dspc,RfftPlan.execute,512,200,2000,0.980500
flutter_dspc,RfftPlan.executeSpec,512,200,2000,1.002500
flutter_dspc,FFTStatic.fft,512,200,2000,3.042000
flutter_dspc,CfftPlan.fft,512,200,2000,1.732500
fftea,fftea.realFft,512,200,2000,5.032500
flutter_dspc,FFTStatic.rfft,540,200,2000,1.805000
flutter_dspc,FFTStatic.rfftMag,540,200,2000,1.795500
flutter_dspc,RfftPlan.execute,540,200,2000,1.157000
flutter_dspc,RfftPlan.executeSpec,540,200,2000,1.051000
flutter_dspc,FFTStatic.fft,540,200,2000,3.514000
flutter_dspc,CfftPlan.fft,540,200,2000,2.136000
fftea,fftea.realFft,540,200,2000,8.455000
flutter_dspc,FFTStatic.rfft,576,200,2000,1.932000
flutter_dspc,FFTStatic.rfftMag,576,200,2000,1.868000
flutter_dspc,RfftPlan.execute,576,200,2000,1.179000
flutter_dspc,RfftPlan.executeSpec,576,200,2000,1.172000
flutter_dspc,FFTStatic.fft,576,200,2000,3.561500
flutter_dspc,CfftPlan.fft,576,200,2000,2.112000
fftea,fftea.realFft,576,200,2000,8.264500
flutter_dspc,FFTStatic.rfft,600,200,2000,1.928500
flutter_dspc,FFTStatic.rfftMag,600,200,2000,1.944500
flutter_dspc,RfftPlan.execute,600,200,2000,1.179500
flutter_dspc,RfftPlan.executeSpec,600,200,2000,1.193500
flutter_dspc,FFTStatic.fft,600,200,2000,3.790000
flutter_dspc,CfftPlan.fft,600,200,2000,2.229500
fftea,fftea.realFft,600,200,2000,9.175000
flutter_dspc,FFTStatic.rfft,640,200,2000,1.965500
flutter_dspc,FFTStatic.rfftMag,640,200,2000,1.986000
flutter_dspc,RfftPlan.execute,640,200,2000,1.208500
flutter_dspc,RfftPlan.executeSpec,640,200,2000,1.178500
flutter_dspc,FFTStatic.fft,640,200,2000,3.803000
flutter_dspc,CfftPlan.fft,640,200,2000,2.307500
fftea,fftea.realFft,640,200,2000,8.730500
flutter_dspc,FFTStatic.rfft,648,200,2000,2.187500
flutter_dspc,FFTStatic.rfftMag,648,200,2000,2.197500
flutter_dspc,RfftPlan.execute,648,200,2000,1.429000
flutter_dspc,RfftPlan.executeSpec,648,200,2000,1.369000
flutter_dspc,FFTStatic.fft,648,200,2000,4.263500
flutter_dspc,CfftPlan.fft,648,200,2000,2.629000
fftea,fftea.realFft,648,200,2000,11.182000
flutter_dspc,FFTStatic.rfft,720,200,2000,2.278500
flutter_dspc,FFTStatic.rfftMag,720,200,2000,2.226000
flutter_dspc,RfftPlan.execute,720,200,2000,1.429500
flutter_dspc,RfftPlan.executeSpec,720,200,2000,1.415500
flutter_dspc,FFTStatic.fft,720,200,2000,4.550000
flutter_dspc,CfftPlan.fft,720,200,2000,2.775000
fftea,fftea.realFft,720,200,2000,10.822000
flutter_dspc,FFTStatic.rfft,750,200,2000,2.468500
flutter_dspc,FFTStatic.rfftMag,750,200,2000,2.393000
flutter_dspc,RfftPlan.execute,750,200,2000,1.560500
flutter_dspc,RfftPlan.executeSpec,750,200,2000,1.563000
flutter_dspc,FFTStatic.fft,750,200,2000,5.145000
flutter_dspc,CfftPlan.fft,750,200,2000,3.530500
fftea,fftea.realFft,750,200,2000,12.842000
flutter_dspc,FFTStatic.rfft,768,200,2000,2.444000
flutter_dspc,FFTStatic.rfftMag,768,200,2000,2.338000
flutter_dspc,RfftPlan.execute,768,200,2000,1.535000
flutter_dspc,RfftPlan.executeSpec,768,200,2000,1.581500
flutter_dspc,FFTStatic.fft,768,200,2000,4.600500
flutter_dspc,CfftPlan.fft,768,200,2000,2.846000
fftea,fftea.realFft,768,200,2000,10.261000
flutter_dspc,FFTStatic.rfft,800,200,2000,2.452500
flutter_dspc,FFTStatic.rfftMag,800,200,2000,2.442500
flutter_dspc,RfftPlan.execute,800,200,2000,1.478000
flutter_dspc,RfftPlan.executeSpec,800,200,2000,1.504500
flutter_dspc,FFTStatic.fft,800,200,2000,5.029000
flutter_dspc,CfftPlan.fft,800,200,2000,2.979500
fftea,fftea.realFft,800,200,2000,12.063000
flutter_dspc,FFTStatic.rfft,810,200,2000,2.801500
flutter_dspc,FFTStatic.rfftMag,810,200,2000,2.655500
flutter_dspc,RfftPlan.execute,810,200,2000,1.737500
flutter_dspc,RfftPlan.executeSpec,810,200,2000,1.700000
flutter_dspc,FFTStatic.fft,810,200,2000,5.759500
flutter_dspc,CfftPlan.fft,810,200,2000,3.718500
fftea,fftea.realFft,810,200,2000,14.590000
flutter_dspc,FFTStatic.rfft,864,200,2000,2.835500
flutter_dspc,FFTStatic.rfftMag,864,200,2000,2.749000
flutter_dspc,RfftPlan.execute,864,200,2000,1.739000
flutter_dspc,RfftPlan.executeSpec,864,200,2000,1.804500
flutter_dspc,FFTStatic.fft,864,200,2000,5.349000
flutter_dspc,CfftPlan.fft,864,200,2000,3.529500
fftea,fftea.realFft,864,200,2000,14.781500
flutter_dspc,FFTStatic.rfft,900,200,2000,2.838500
flutter_dspc,FFTStatic.rfftMag,900,200,2000,2.808500
flutter_dspc,RfftPlan.execute,900,200,2000,1.803500
flutter_dspc,RfftPlan.executeSpec,900,200,2000,1.841500
flutter_dspc,FFTStatic.fft,900,200,2000,5.742500
flutter_dspc,CfftPlan.fft,900,200,2000,3.561000
fftea,fftea.realFft,900,200,2000,14.529000
flutter_dspc,FFTStatic.rfft,960,200,2000,2.930000
flutter_dspc,FFTStatic.rfftMag,960,200,2000,2.811500
flutter_dspc,RfftPlan.execute,960,200,2000,1.792500
flutter_dspc,RfftPlan.executeSpec,960,200,2000,1.821500
flutter_dspc,FFTStatic.fft,960,200,2000,5.913000
flutter_dspc,CfftPlan.fft,960,200,2000,3.720500
fftea,fftea.realFft,960,200,2000,14.020500
flutter_dspc,FFTStatic.rfft,972,200,2000,3.352500
flutter_dspc,FFTStatic.rfftMag,972,200,2000,3.141500
flutter_dspc,RfftPlan.execute,972,200,2000,2.221500
flutter_dspc,RfftPlan.executeSpec,972,200,2000,2.169500
flutter_dspc,FFTStatic.fft,972,200,2000,6.471500
flutter_dspc,CfftPlan.fft,972,200,2000,4.171000
fftea,fftea.realFft,972,200,2000,17.439000
flutter_dspc,FFTStatic.rfft,1000,200,2000,3.198500
flutter_dspc,FFTStatic.rfftMag,1000,200,2000,3.026000
flutter_dspc,RfftPlan.execute,1000,200,2000,2.048500
flutter_dspc,RfftPlan.executeSpec,1000,200,2000,2.060500
flutter_dspc,FFTStatic.fft,1000,200,2000,6.212500
flutter_dspc,CfftPlan.fft,1000,200,2000,4.019500
fftea,fftea.realFft,1000,200,2000,16.121000
flutter_dspc,FFTStatic.rfft,1024,200,2000,3.219000
flutter_dspc,FFTStatic.rfftMag,1024,200,2000,2.843000
flutter_dspc,RfftPlan.execute,1024,200,2000,1.942500
flutter_dspc,RfftPlan.executeSpec,1024,200,2000,1.912000
flutter_dspc,FFTStatic.fft,1024,200,2000,6.004000
flutter_dspc,CfftPlan.fft,1024,200,2000,3.547500
fftea,fftea.realFft,1024,200,2000,10.766500
flutter_dspc,FFTStatic.rfft,1080,200,1000,3.470000
flutter_dspc,FFTStatic.rfftMag,1080,200,1000,3.267000
flutter_dspc,RfftPlan.execute,1080,200,1000,2.232000
flutter_dspc,RfftPlan.executeSpec,1080,200,1000,2.206000
flutter_dspc,FFTStatic.fft,1080,200,1000,6.997000
flutter_dspc,CfftPlan.fft,1080,200,1000,4.464000
fftea,fftea.realFft,1080,200,1000,19.483000
flutter_dspc,FFTStatic.rfft,1152,200,1000,3.732000
flutter_dspc,FFTStatic.rfftMag,1152,200,1000,4.020000
flutter_dspc,RfftPlan.execute,1152,200,1000,2.517000
flutter_dspc,RfftPlan.executeSpec,1152,200,1000,2.316000
flutter_dspc,FFTStatic.fft,1152,200,1000,7.416000
flutter_dspc,CfftPlan.fft,1152,200,1000,4.594000
fftea,fftea.realFft,1152,200,1000,19.237000
flutter_dspc,FFTStatic.rfft,1200,200,1000,3.705000
flutter_dspc,FFTStatic.rfftMag,1200,200,1000,3.532000
flutter_dspc,RfftPlan.execute,1200,200,1000,2.425000
flutter_dspc,RfftPlan.executeSpec,1200,200,1000,2.277000
flutter_dspc,FFTStatic.fft,1200,200,1000,7.593000
flutter_dspc,CfftPlan.fft,1200,200,1000,4.479000
fftea,fftea.realFft,1200,200,1000,18.601000
flutter_dspc,FFTStatic.rfft,1250,200,1000,4.065000
flutter_dspc,FFTStatic.rfftMag,1250,200,1000,4.004000
flutter_dspc,RfftPlan.execute,1250,200,1000,2.674000
flutter_dspc,RfftPlan.executeSpec,1250,200,1000,2.513000
flutter_dspc,FFTStatic.fft,1250,200,1000,8.093000
flutter_dspc,CfftPlan.fft,1250,200,1000,5.572000
fftea,fftea.realFft,1250,200,1000,21.263000
flutter_dspc,FFTStatic.rfft,1280,200,1000,3.750000
flutter_dspc,FFTStatic.rfftMag,1280,200,1000,3.663000
flutter_dspc,RfftPlan.execute,1280,200,1000,2.436000
flutter_dspc,RfftPlan.executeSpec,1280,200,1000,2.421000
flutter_dspc,FFTStatic.fft,1280,200,1000,7.435000
flutter_dspc,CfftPlan.fft,1280,200,1000,4.593000
fftea,fftea.realFft,1280,200,1000,17.768000
flutter_dspc,FFTStatic.rfft,1296,200,1000,4.360000
flutter_dspc,FFTStatic.rfftMag,1296,200,1000,4.172000
flutter_dspc,RfftPlan.execute,1296,200,1000,2.866000
flutter_dspc,RfftPlan.executeSpec,1296,200,1000,2.799000
flutter_dspc,FFTStatic.fft,1296,200,1000,8.487000
flutter_dspc,CfftPlan.fft,1296,200,1000,5.427000
fftea,fftea.realFft,1296,200,1000,22.032000
flutter_dspc,FFTStatic.rfft,1350,200,1000,4.480000
flutter_dspc,FFTStatic.rfftMag,1350,200,1000,4.101000
flutter_dspc,RfftPlan.execute,1350,200,1000,3.010000
flutter_dspc,RfftPlan.executeSpec,1350,200,1000,2.876000
flutter_dspc,FFTStatic.fft,1350,200,1000,9.561000
flutter_dspc,CfftPlan.fft,1350,200,1000,6.322000
fftea,fftea.realFft,1350,200,1000,24.690000
flutter_dspc,FFTStatic.rfft,1440,200,1000,4.510000
flutter_dspc,FFTStatic.rfftMag,1440,200,1000,4.208000
flutter_dspc,RfftPlan.execute,1440,200,1000,3.021000
flutter_dspc,RfftPlan.executeSpec,1440,200,1000,2.926000
flutter_dspc,FFTStatic.fft,1440,200,1000,9.242000
flutter_dspc,CfftPlan.fft,1440,200,1000,5.664000
fftea,fftea.realFft,1440,200,1000,24.384000
flutter_dspc,FFTStatic.rfft,1458,200,1000,4.936000
flutter_dspc,FFTStatic.rfftMag,1458,200,1000,4.739000
flutter_dspc,RfftPlan.execute,1458,200,1000,3.573000
flutter_dspc,RfftPlan.executeSpec,1458,200,1000,3.459000
flutter_dspc,FFTStatic.fft,1458,200,1000,10.477000
flutter_dspc,CfftPlan.fft,1458,200,1000,7.217000
fftea,fftea.realFft,1458,200,1000,29.687000
flutter_dspc,FFTStatic.rfft,1500,200,1000,4.665000
flutter_dspc,FFTStatic.rfftMag,1500,200,1000,4.362000
flutter_dspc,RfftPlan.execute,1500,200,1000,3.151000
flutter_dspc,RfftPlan.executeSpec,1500,200,1000,3.128000
flutter_dspc,FFTStatic.fft,1500,200,1000,9.447000
flutter_dspc,CfftPlan.fft,1500,200,1000,6.212000
fftea,fftea.realFft,1500,200,1000,25.287000
flutter_dspc,FFTStatic.rfft,1536,200,1000,4.673000
flutter_dspc,FFTStatic.rfftMag,1536,200,1000,4.593000
flutter_dspc,RfftPlan.execute,1536,200,1000,3.249000
flutter_dspc,RfftPlan.executeSpec,1536,200,1000,3.241000
flutter_dspc,FFTStatic.fft,1536,200,1000,8.943000
flutter_dspc,CfftPlan.fft,1536,200,1000,5.861000
fftea,fftea.realFft,1536,200,1000,23.856000
flutter_dspc,FFTStatic.rfft,1600,200,1000,4.885000
flutter_dspc,FFTStatic.rfftMag,1600,200,1000,4.397000
flutter_dspc,RfftPlan.execute,1600,200,1000,3.069000
flutter_dspc,RfftPlan.executeSpec,1600,200,1000,3.045000
flutter_dspc,FFTStatic.fft,1600,200,1000,9.574000
flutter_dspc,CfftPlan.fft,1600,200,1000,6.187000
fftea,fftea.realFft,1600,200,1000,23.646000
flutter_dspc,FFTStatic.rfft,1620,200,1000,5.077000
flutter_dspc,FFTStatic.rfftMag,1620,200,1000,4.947000
flutter_dspc,RfftPlan.execute,1620,200,1000,3.409000
flutter_dspc,RfftPlan.executeSpec,1620,200,1000,3.482000
flutter_dspc,FFTStatic.fft,1620,200,1000,10.966000
flutter_dspc,CfftPlan.fft,1620,200,1000,6.921000
fftea,fftea.realFft,1620,200,1000,29.146000
flutter_dspc,FFTStatic.rfft,1728,200,1000,5.425000
flutter_dspc,FFTStatic.rfftMag,1728,200,1000,5.205000
flutter_dspc,RfftPlan.execute,1728,200,1000,3.703000
flutter_dspc,RfftPlan.executeSpec,1728,200,1000,3.703000
flutter_dspc,FFTStatic.fft,1728,200,1000,10.861000
flutter_dspc,CfftPlan.fft,1728,200,1000,7.040000
fftea,fftea.realFft,1728,200,1000,28.465000
flutter_dspc,FFTStatic.rfft,1800,200,1000,5.739000
flutter_dspc,FFTStatic.rfftMag,1800,200,1000,5.476000
flutter_dspc,RfftPlan.execute,1800,200,1000,3.857000
flutter_dspc,RfftPlan.executeSpec,1800,200,1000,3.772000
flutter_dspc,FFTStatic.fft,1800,200,1000,11.340000
flutter_dspc,CfftPlan.fft,1800,200,1000,7.756000
fftea,fftea.realFft,1800,200,1000,32.473000
flutter_dspc,FFTStatic.rfft,1920,200,1000,5.971000
flutter_dspc,FFTStatic.rfftMag,1920,200,1000,5.614000
flutter_dspc,RfftPlan.execute,1920,200,1000,4.042000
flutter_dspc,RfftPlan.executeSpec,1920,200,1000,3.935000
flutter_dspc,FFTStatic.fft,1920,200,1000,11.798000
flutter_dspc,CfftPlan.fft,1920,200,1000,7.799000
fftea,fftea.realFft,1920,200,1000,31.434000
flutter_dspc,FFTStatic.rfft,1944,200,1000,6.548000
flutter_dspc,FFTStatic.rfftMag,1944,200,1000,6.360000
flutter_dspc,RfftPlan.execute,1944,200,1000,4.623000
flutter_dspc,RfftPlan.executeSpec,1944,200,1000,4.578000
flutter_dspc,FFTStatic.fft,1944,200,1000,12.983000
flutter_dspc,CfftPlan.fft,1944,200,1000,8.961000
fftea,fftea.realFft,1944,200,1000,39.896000
flutter_dspc,FFTStatic.rfft,2000,200,1000,6.168000
flutter_dspc,FFTStatic.rfftMag,2000,200,1000,6.126000
flutter_dspc,RfftPlan.execute,2000,200,1000,4.281000
flutter_dspc,RfftPlan.executeSpec,2000,200,1000,4.159000
flutter_dspc,FFTStatic.fft,2000,200,1000,13.066000
flutter_dspc,CfftPlan.fft,2000,200,1000,7.969000
fftea,fftea.realFft,2000,200,1000,32.105000
flutter_dspc,FFTStatic.rfft,2048,200,1000,6.299000
flutter_dspc,FFTStatic.rfftMag,2048,200,1000,5.853000
flutter_dspc,RfftPlan.execute,2048,200,1000,4.047000
flutter_dspc,RfftPlan.executeSpec,2048,200,1000,3.944000
flutter_dspc,FFTStatic.fft,2048,200,1000,12.089000
flutter_dspc,CfftPlan.fft,2048,200,1000,7.891000
fftea,fftea.realFft,2048,200,1000,23.785000
flutter_dspc,FFTStatic.rfft,2160,200,1000,6.735000
flutter_dspc,FFTStatic.rfftMag,2160,200,1000,13.467000
flutter_dspc,RfftPlan.execute,2160,200,1000,6.793000
flutter_dspc,RfftPlan.executeSpec,2160,200,1000,4.724000
flutter_dspc,FFTStatic.fft,2160,200,1000,14.404000
flutter_dspc,CfftPlan.fft,2160,200,1000,9.304000
fftea,fftea.realFft,2160,200,1000,38.362000
flutter_dspc,FFTStatic.rfft,2250,200,1000,7.378000
flutter_dspc,FFTStatic.rfftMag,2250,200,1000,6.919000
flutter_dspc,RfftPlan.execute,2250,200,1000,5.090000
flutter_dspc,RfftPlan.executeSpec,2250,200,1000,5.016000
flutter_dspc,FFTStatic.fft,2250,200,1000,17.231000
flutter_dspc,CfftPlan.fft,2250,200,1000,11.546000
fftea,fftea.realFft,2250,200,1000,43.338000
flutter_dspc,FFTStatic.rfft,2304,200,1000,7.499000
flutter_dspc,FFTStatic.rfftMag,2304,200,1000,6.974000
flutter_dspc,RfftPlan.execute,2304,200,1000,5.078000
flutter_dspc,RfftPlan.executeSpec,2304,200,1000,5.043000
flutter_dspc,FFTStatic.fft,2304,200,1000,14.621000
flutter_dspc,CfftPlan.fft,2304,200,1000,9.390000
fftea,fftea.realFft,2304,200,1000,37.197000
flutter_dspc,FFTStatic.rfft,2400,200,1000,7.451000
flutter_dspc,FFTStatic.rfftMag,2400,200,1000,7.048000
flutter_dspc,RfftPlan.execute,2400,200,1000,5.165000
flutter_dspc,RfftPlan.executeSpec,2400,200,1000,5.051000
flutter_dspc,FFTStatic.fft,2400,200,1000,15.776000
flutter_dspc,CfftPlan.fft,2400,200,1000,10.583000
fftea,fftea.realFft,2400,200,1000,41.811000
flutter_dspc,FFTStatic.rfft,2430,200,1000,8.273000
flutter_dspc,FFTStatic.rfftMag,2430,200,1000,7.761000
flutter_dspc,RfftPlan.execute,2430,200,1000,5.684000
flutter_dspc,RfftPlan.executeSpec,2430,200,1000,5.558000
flutter_dspc,FFTStatic.fft,2430,200,1000,17.818000
flutter_dspc,CfftPlan.fft,2430,200,1000,12.934000
fftea,fftea.realFft,2430,200,1000,51.176000
flutter_dspc,FFTStatic.rfft,2500,200,1000,7.783000
flutter_dspc,FFTStatic.rfftMag,2500,200,1000,7.461000
flutter_dspc,RfftPlan.execute,2500,200,1000,5.377000
flutter_dspc,RfftPlan.executeSpec,2500,200,1000,5.369000
flutter_dspc,FFTStatic.fft,2500,200,1000,16.434000
flutter_dspc,CfftPlan.fft,2500,200,1000,11.138000
fftea,fftea.realFft,2500,200,1000,43.131000
flutter_dspc,FFTStatic.rfft,2560,200,1000,7.599000
flutter_dspc,FFTStatic.rfftMag,2560,200,1000,7.545000
flutter_dspc,RfftPlan.execute,2560,200,1000,5.004000
flutter_dspc,RfftPlan.executeSpec,2560,200,1000,5.079000
flutter_dspc,FFTStatic.fft,2560,200,1000,16.086000
flutter_dspc,CfftPlan.fft,2560,200,1000,10.818000
fftea,fftea.realFft,2560,200,1000,41.059000
flutter_dspc,FFTStatic.rfft,2592,200,1000,8.417000
flutter_dspc,FFTStatic.rfftMag,2592,200,1000,8.034000
flutter_dspc,RfftPlan.execute,2592,200,1000,6.123000
flutter_dspc,RfftPlan.executeSpec,2592,200,1000,5.998000
flutter_dspc,FFTStatic.fft,2592,200,1000,17.501000
flutter_dspc,CfftPlan.fft,2592,200,1000,12.030000
fftea,fftea.realFft,2592,200,1000,49.673000
flutter_dspc,FFTStatic.rfft,2700,200,1000,8.755000
flutter_dspc,FFTStatic.rfftMag,2700,200,1000,8.229000
flutter_dspc,RfftPlan.execute,2700,200,1000,5.890000
flutter_dspc,RfftPlan.executeSpec,2700,200,1000,5.881000
flutter_dspc,FFTStatic.fft,2700,200,1000,18.101000
flutter_dspc,CfftPlan.fft,2700,200,1000,12.807000
fftea,fftea.realFft,2700,200,1000,51.356000
flutter_dspc,FFTStatic.rfft,2880,200,1000,9.301000
flutter_dspc,FFTStatic.rfftMag,2880,200,1000,8.708000
flutter_dspc,RfftPlan.execute,2880,200,1000,6.196000
flutter_dspc,RfftPlan.executeSpec,2880,200,1000,6.081000
flutter_dspc,FFTStatic.fft,2880,200,1000,18.960000
flutter_dspc,CfftPlan.fft,2880,200,1000,13.012000
fftea,fftea.realFft,2880,200,1000,50.128000
flutter_dspc,FFTStatic.rfft,2916,200,1000,10.071000
flutter_dspc,FFTStatic.rfftMag,2916,200,1000,9.558000
flutter_dspc,RfftPlan.execute,2916,200,1000,6.943000
flutter_dspc,RfftPlan.executeSpec,2916,200,1000,6.964000
flutter_dspc,FFTStatic.fft,2916,200,1000,19.845000
flutter_dspc,CfftPlan.fft,2916,200,1000,14.127000
fftea,fftea.realFft,2916,200,1000,59.657000
flutter_dspc,FFTStatic.rfft,3000,200,1000,9.446000
flutter_dspc,FFTStatic.rfftMag,3000,200,1000,8.994000
flutter_dspc,RfftPlan.execute,3000,200,1000,6.638000
flutter_dspc,RfftPlan.executeSpec,3000,200,1000,6.528000
flutter_dspc,FFTStatic.fft,3000,200,1000,19.713000
flutter_dspc,CfftPlan.fft,3000,200,1000,14.289000
fftea,fftea.realFft,3000,200,1000,55.785000
flutter_dspc,FFTStatic.rfft,3072,200,1000,9.768000
flutter_dspc,FFTStatic.rfftMag,3072,200,1000,9.122000
flutter_dspc,RfftPlan.execute,3072,200,1000,6.472000
flutter_dspc,RfftPlan.executeSpec,3072,200,1000,6.519000
flutter_dspc,FFTStatic.fft,3072,200,1000,18.454000
flutter_dspc,CfftPlan.fft,3072,200,1000,12.852000
fftea,fftea.realFft,3072,200,1000,48.472000
flutter_dspc,FFTStatic.rfft,3200,200,1000,9.943000
flutter_dspc,FFTStatic.rfftMag,3200,200,1000,9.419000
flutter_dspc,RfftPlan.execute,3200,200,1000,6.644000
flutter_dspc,RfftPlan.executeSpec,3200,200,1000,6.592000
flutter_dspc,FFTStatic.fft,3200,200,1000,20.172000
flutter_dspc,CfftPlan.fft,3200,200,1000,14.274000
fftea,fftea.realFft,3200,200,1000,53.759000
flutter_dspc,FFTStatic.rfft,3240,200,1000,10.877000
flutter_dspc,FFTStatic.rfftMag,3240,200,1000,10.589000
flutter_dspc,RfftPlan.execute,3240,200,1000,7.435000
flutter_dspc,RfftPlan.executeSpec,3240,200,1000,7.333000
flutter_dspc,FFTStatic.fft,3240,200,1000,23.106000
flutter_dspc,CfftPlan.fft,3240,200,1000,15.891000
fftea,fftea.realFft,3240,200,1000,66.017000
flutter_dspc,FFTStatic.rfft,3456,200,1000,11.406000
flutter_dspc,FFTStatic.rfftMag,3456,200,1000,11.210000
flutter_dspc,RfftPlan.execute,3456,200,1000,7.917000
flutter_dspc,RfftPlan.executeSpec,3456,200,1000,7.677000
flutter_dspc,FFTStatic.fft,3456,200,1000,23.440000
flutter_dspc,CfftPlan.fft,3456,200,1000,15.996000
fftea,fftea.realFft,3456,200,1000,64.957000
flutter_dspc,FFTStatic.rfft,3600,200,1000,11.627000
flutter_dspc,FFTStatic.rfftMag,3600,200,1000,10.914000
flutter_dspc,RfftPlan.execute,3600,200,1000,8.130000
flutter_dspc,RfftPlan.executeSpec,3600,200,1000,7.941000
flutter_dspc,FFTStatic.fft,3600,200,1000,24.278000
flutter_dspc,CfftPlan.fft,3600,200,1000,17.340000
fftea,fftea.realFft,3600,200,1000,66.050000
flutter_dspc,FFTStatic.rfft,3750,200,1000,12.600000
flutter_dspc,FFTStatic.rfftMag,3750,200,1000,12.025000
flutter_dspc,RfftPlan.execute,3750,200,1000,8.951000
flutter_dspc,RfftPlan.executeSpec,3750,200,1000,8.608000
flutter_dspc,FFTStatic.fft,3750,200,1000,27.922000
flutter_dspc,CfftPlan.fft,3750,200,1000,20.287000
fftea,fftea.realFft,3750,200,1000,74.618000
flutter_dspc,FFTStatic.rfft,3840,200,1000,11.994000
flutter_dspc,FFTStatic.rfftMag,3840,200,1000,11.349000
flutter_dspc,RfftPlan.execute,3840,200,1000,8.087000
flutter_dspc,RfftPlan.executeSpec,3840,200,1000,7.883000
flutter_dspc,FFTStatic.fft,3840,200,1000,25.050000
flutter_dspc,CfftPlan.fft,3840,200,1000,16.783000
fftea,fftea.realFft,3840,200,1000,65.166000
flutter_dspc,FFTStatic.rfft,3888,200,1000,13.593000
flutter_dspc,FFTStatic.rfftMag,3888,200,1000,12.702000
flutter_dspc,RfftPlan.execute,3888,200,1000,9.228000
flutter_dspc,RfftPlan.executeSpec,3888,200,1000,9.178000
flutter_dspc,FFTStatic.fft,3888,200,1000,26.214000
flutter_dspc,CfftPlan.fft,3888,200,1000,18.962000
fftea,fftea.realFft,3888,200,1000,80.268000
flutter_dspc,FFTStatic.rfft,4000,200,1000,12.885000
flutter_dspc,FFTStatic.rfftMag,4000,200,1000,12.380000
flutter_dspc,RfftPlan.execute,4000,200,1000,8.889000
flutter_dspc,RfftPlan.executeSpec,4000,200,1000,8.544000
flutter_dspc,FFTStatic.fft,4000,200,1000,27.365000
flutter_dspc,CfftPlan.fft,4000,200,1000,18.703000
fftea,fftea.realFft,4000,200,1000,72.334000
flutter_dspc,FFTStatic.rfft,4050,200,1000,14.021000
flutter_dspc,FFTStatic.rfftMag,4050,200,1000,13.260000
flutter_dspc,RfftPlan.execute,4050,200,1000,9.733000
flutter_dspc,RfftPlan.executeSpec,4050,200,1000,9.678000
flutter_dspc,FFTStatic.fft,4050,200,1000,30.924000
flutter_dspc,CfftPlan.fft,4050,200,1000,22.298000
fftea,fftea.realFft,4050,200,1000,89.028000
flutter_dspc,FFTStatic.rfft,4096,200,1000,13.051000
flutter_dspc,FFTStatic.rfftMag,4096,200,1000,12.297000
flutter_dspc,RfftPlan.execute,4096,200,1000,8.669000
flutter_dspc,RfftPlan.executeSpec,4096,200,1000,8.349000
flutter_dspc,FFTStatic.fft,4096,200,1000,24.950000
flutter_dspc,CfftPlan.fft,4096,200,1000,17.194000
fftea,fftea.realFft,4096,200,1000,50.822000
flutter_dspc,FFTStatic.rfft,4320,200,300,14.313333
flutter_dspc,FFTStatic.rfftMag,4320,200,300,13.833333
flutter_dspc,RfftPlan.execute,4320,200,300,10.060000
flutter_dspc,RfftPlan.executeSpec,4320,200,300,9.920000
flutter_dspc,FFTStatic.fft,4320,200,300,29.503333
flutter_dspc,CfftPlan.fft,4320,200,300,20.880000
fftea,fftea.realFft,4320,200,300,88.510000
flutter_dspc,FFTStatic.rfft,4374,200,300,15.970000
flutter_dspc,FFTStatic.rfftMag,4374,200,300,15.133333
flutter_dspc,RfftPlan.execute,4374,200,300,11.690000
flutter_dspc,RfftPlan.executeSpec,4374,200,300,11.426667
flutter_dspc,FFTStatic.fft,4374,200,300,33.650000
flutter_dspc,CfftPlan.fft,4374,200,300,25.003333
fftea,fftea.realFft,4374,200,300,103.230000
flutter_dspc,FFTStatic.rfft,4500,200,300,15.890000
flutter_dspc,FFTStatic.rfftMag,4500,200,300,14.663333
flutter_dspc,RfftPlan.execute,4500,200,300,10.910000
flutter_dspc,RfftPlan.executeSpec,4500,200,300,10.206667
flutter_dspc,FFTStatic.fft,4500,200,300,31.966667
flutter_dspc,CfftPlan.fft,4500,200,300,22.126667
fftea,fftea.realFft,4500,200,300,87.686667
flutter_dspc,FFTStatic.rfft,4608,200,300,15.763333
flutter_dspc,FFTStatic.rfftMag,4608,200,300,14.966667
flutter_dspc,RfftPlan.execute,4608,200,300,11.183333
flutter_dspc,RfftPlan.executeSpec,4608,200,300,10.646667
flutter_dspc,FFTStatic.fft,4608,200,300,30.136667
flutter_dspc,CfftPlan.fft,4608,200,300,21.203333
fftea,fftea.realFft,4608,200,300,85.000000
flutter_dspc,FFTStatic.rfft,4800,200,300,16.426667
flutter_dspc,FFTStatic.rfftMag,4800,200,300,15.426667
flutter_dspc,RfftPlan.execute,4800,200,300,11.183333
flutter_dspc,RfftPlan.executeSpec,4800,200,300,10.913333
flutter_dspc,FFTStatic.fft,4800,200,300,32.643333
flutter_dspc,CfftPlan.fft,4800,200,300,22.090000
fftea,fftea.realFft,4800,200,300,87.166667
flutter_dspc,FFTStatic.rfft,4860,200,300,21.476667
flutter_dspc,FFTStatic.rfftMag,4860,200,300,16.496667
flutter_dspc,RfftPlan.execute,4860,200,300,12.200000
flutter_dspc,RfftPlan.executeSpec,4860,200,300,11.893333
flutter_dspc,FFTStatic.fft,4860,200,300,34.380000
flutter_dspc,CfftPlan.fft,4860,200,300,24.600000
fftea,fftea.realFft,4860,200,300,102.586667
flutter_dspc,FFTStatic.rfft,5000,200,300,17.076667
flutter_dspc,FFTStatic.rfftMag,5000,200,300,16.456667
flutter_dspc,RfftPlan.execute,5000,200,300,12.446667
flutter_dspc,RfftPlan.executeSpec,5000,200,300,11.673333
flutter_dspc,FFTStatic.fft,5000,200,300,34.220000
flutter_dspc,CfftPlan.fft,5000,200,300,24.193333
fftea,fftea.realFft,5000,200,300,98.310000
flutter_dspc,FFTStatic.rfft,5120,200,300,16.676667
flutter_dspc,FFTStatic.rfftMag,5120,200,300,15.943333
flutter_dspc,RfftPlan.execute,5120,200,300,11.596667
flutter_dspc,RfftPlan.executeSpec,5120,200,300,11.163333
flutter_dspc,FFTStatic.fft,5120,200,300,32.230000
flutter_dspc,CfftPlan.fft,5120,200,300,22.850000
fftea,fftea.realFft,5120,200,300,84.673333
flutter_dspc,FFTStatic.rfft,5184,200,300,18.603333
flutter_dspc,FFTStatic.rfftMag,5184,200,300,17.593333
flutter_dspc,RfftPlan.execute,5184,200,300,13.363333
flutter_dspc,RfftPlan.executeSpec,5184,200,300,12.880000
flutter_dspc,FFTStatic.fft,5184,200,300,35.676667
flutter_dspc,CfftPlan.fft,5184,200,300,25.343333
fftea,fftea.realFft,5184,200,300,102.793333
flutter_dspc,FFTStatic.rfft,5400,200,300,18.816667
flutter_dspc,FFTStatic.rfftMag,5400,200,300,18.496667
flutter_dspc,RfftPlan.execute,5400,200,300,13.433333
flutter_dspc,RfftPlan.executeSpec,5400,200,300,13.226667
flutter_dspc,FFTStatic.fft,5400,200,300,37.996667
flutter_dspc,CfftPlan.fft,5400,200,300,27.636667
fftea,fftea.realFft,5400,200,300,113.860000
flutter_dspc,FFTStatic.rfft,5760,200,300,19.730000
flutter_dspc,FFTStatic.rfftMag,5760,200,300,18.080000
flutter_dspc,RfftPlan.execute,5760,200,300,13.936667
flutter_dspc,RfftPlan.executeSpec,5760,200,300,13.226667
flutter_dspc,FFTStatic.fft,5760,200,300,39.193333
flutter_dspc,CfftPlan.fft,5760,200,300,27.906667
fftea,fftea.realFft,5760,200,300,111.150000
flutter_dspc,FFTStatic.rfft,5832,200,300,21.640000
flutter_dspc,FFTStatic.rfftMag,5832,200,300,20.973333
flutter_dspc,RfftPlan.execute,5832,200,300,16.183333
flutter_dspc,RfftPlan.executeSpec,5832,200,300,15.676667
flutter_dspc,FFTStatic.fft,5832,200,300,41.896667
flutter_dspc,CfftPlan.fft,5832,200,300,30.563333
fftea,fftea.realFft,5832,200,300,135.223333
flutter_dspc,FFTStatic.rfft,6000,200,300,20.130000
flutter_dspc,FFTStatic.rfftMag,6000,200,300,18.983333
flutter_dspc,RfftPlan.execute,6000,200,300,14.566667
flutter_dspc,RfftPlan.executeSpec,6000,200,300,13.960000
flutter_dspc,FFTStatic.fft,6000,200,300,41.570000
flutter_dspc,CfftPlan.fft,6000,200,300,29.050000
fftea,fftea.realFft,6000,200,300,115.796667
flutter_dspc,FFTStatic.rfft,6144,200,300,21.946667
flutter_dspc,FFTStatic.rfftMag,6144,200,300,20.233333
flutter_dspc,RfftPlan.execute,6144,200,300,14.956667
flutter_dspc,RfftPlan.executeSpec,6144,200,300,14.846667
flutter_dspc,FFTStatic.fft,6144,200,300,40.373333
flutter_dspc,CfftPlan.fft,6144,200,300,28.296667
fftea,fftea.realFft,6144,200,300,109.843333
flutter_dspc,FFTStatic.rfft,6250,200,300,22.353333
flutter_dspc,FFTStatic.rfftMag,6250,200,300,21.140000
flutter_dspc,RfftPlan.execute,6250,200,300,16.216667
flutter_dspc,RfftPlan.executeSpec,6250,200,300,16.000000
flutter_dspc,FFTStatic.fft,6250,200,300,47.063333
flutter_dspc,CfftPlan.fft,6250,200,300,33.916667
fftea,fftea.realFft,6250,200,300,129.186667
flutter_dspc,FFTStatic.rfft,6400,200,300,21.016667
flutter_dspc,FFTStatic.rfftMag,6400,200,300,20.070000
flutter_dspc,RfftPlan.execute,6400,200,300,14.783333
flutter_dspc,RfftPlan.executeSpec,6400,200,300,14.400000
flutter_dspc,FFTStatic.fft,6400,200,300,43.963333
flutter_dspc,CfftPlan.fft,6400,200,300,30.523333
fftea,fftea.realFft,6400,200,300,115.113333
flutter_dspc,FFTStatic.rfft,6480,200,300,23.076667
flutter_dspc,FFTStatic.rfftMag,6480,200,300,21.603333
flutter_dspc,RfftPlan.execute,6480,200,300,16.326667
flutter_dspc,RfftPlan.executeSpec,6480,200,300,16.010000
flutter_dspc,FFTStatic.fft,6480,200,300,46.353333
flutter_dspc,CfftPlan.fft,6480,200,300,32.680000
fftea,fftea.realFft,6480,200,300,133.156667
flutter_dspc,FFTStatic.rfft,6750,200,300,25.016667
flutter_dspc,FFTStatic.rfftMag,6750,200,300,23.386667
flutter_dspc,RfftPlan.execute,6750,200,300,17.730000
flutter_dspc,RfftPlan.executeSpec,6750,200,300,17.240000
flutter_dspc,FFTStatic.fft,6750,200,300,52.776667
flutter_dspc,CfftPlan.fft,6750,200,300,38.916667
fftea,fftea.realFft,6750,200,300,161.573333
flutter_dspc,FFTStatic.rfft,6912,200,300,26.126667
flutter_dspc,FFTStatic.rfftMag,6912,200,300,23.940000
flutter_dspc,RfftPlan.execute,6912,200,300,18.013333
flutter_dspc,RfftPlan.executeSpec,6912,200,300,17.636667
flutter_dspc,FFTStatic.fft,6912,200,300,46.800000
flutter_dspc,CfftPlan.fft,6912,200,300,32.826667
fftea,fftea.realFft,6912,200,300,136.280000
flutter_dspc,FFTStatic.rfft,7200,200,300,25.510000
flutter_dspc,FFTStatic.rfftMag,7200,200,300,24.066667
flutter_dspc,RfftPlan.execute,7200,200,300,17.983333
flutter_dspc,RfftPlan.executeSpec,7200,200,300,17.150000
flutter_dspc,FFTStatic.fft,7200,200,300,51.426667
flutter_dspc,CfftPlan.fft,7200,200,300,37.163333
fftea,fftea.realFft,7200,200,300,148.896667
flutter_dspc,FFTStatic.rfft,7290,200,300,27.123333
flutter_dspc,FFTStatic.rfftMag,7290,200,300,26.140000
flutter_dspc,RfftPlan.execute,7290,200,300,20.200000
flutter_dspc,RfftPlan.executeSpec,7290,200,300,19.326667
flutter_dspc,FFTStatic.fft,7290,200,300,56.850000
flutter_dspc,CfftPlan.fft,7290,200,300,42.823333
fftea,fftea.realFft,7290,200,300,175.433333
flutter_dspc,FFTStatic.rfft,7500,200,300,26.233333
flutter_dspc,FFTStatic.rfftMag,7500,200,300,24.706667
flutter_dspc,RfftPlan.execute,7500,200,300,18.836667
flutter_dspc,RfftPlan.executeSpec,7500,200,300,18.393333
flutter_dspc,FFTStatic.fft,7500,200,300,52.666667
flutter_dspc,CfftPlan.fft,7500,200,300,38.846667
fftea,fftea.realFft,7500,200,300,150.290000
flutter_dspc,FFTStatic.rfft,7680,200,300,25.516667
flutter_dspc,FFTStatic.rfftMag,7680,200,300,23.873333
flutter_dspc,RfftPlan.execute,7680,200,300,18.683333
flutter_dspc,RfftPlan.executeSpec,7680,200,300,18.183333
flutter_dspc,FFTStatic.fft,7680,200,300,52.580000
flutter_dspc,CfftPlan.fft,7680,200,300,37.163333
fftea,fftea.realFft,7680,200,300,144.930000
flutter_dspc,FFTStatic.rfft,7776,200,300,27.813333
flutter_dspc,FFTStatic.rfftMag,7776,200,300,27.196667
flutter_dspc,RfftPlan.execute,7776,200,300,21.273333
flutter_dspc,RfftPlan.executeSpec,7776,200,300,20.453333
flutter_dspc,FFTStatic.fft,7776,200,300,54.753333
flutter_dspc,CfftPlan.fft,7776,200,300,40.253333
fftea,fftea.realFft,7776,200,300,173.403333
flutter_dspc,FFTStatic.rfft,8000,200,300,26.823333
flutter_dspc,FFTStatic.rfftMag,8000,200,300,25.566667
flutter_dspc,RfftPlan.execute,8000,200,300,19.113333
flutter_dspc,RfftPlan.executeSpec,8000,200,300,18.673333
flutter_dspc,FFTStatic.fft,8000,200,300,54.240000
flutter_dspc,CfftPlan.fft,8000,200,300,39.703333
fftea,fftea.realFft,8000,200,300,150.660000
flutter_dspc,FFTStatic.rfft,8100,200,300,32.636667
flutter_dspc,FFTStatic.rfftMag,8100,200,300,27.093333
flutter_dspc,RfftPlan.execute,8100,200,300,21.203333
flutter_dspc,RfftPlan.executeSpec,8100,200,300,21.066667
flutter_dspc,FFTStatic.fft,8100,200,300,61.776667
flutter_dspc,CfftPlan.fft,8100,200,300,44.436667
fftea,fftea.realFft,8100,200,300,180.896667
flutter_dspc,FFTStatic.rfft,8192,200,300,26.300000
flutter_dspc,FFTStatic.rfftMag,8192,200,300,25.186667
flutter_dspc,RfftPlan.execute,8192,200,300,19.373333
flutter_dspc,RfftPlan.executeSpec,8192,200,300,19.443333
flutter_dspc,FFTStatic.fft,8192,200,300,54.030000
flutter_dspc,CfftPlan.fft,8192,200,300,37.946667
fftea,fftea.realFft,8192,200,300,111.093333
flutter_dspc,FFTStatic.rfft,8640,200,300,29.150000
flutter_dspc,FFTStatic.rfftMag,8640,200,300,28.610000
flutter_dspc,RfftPlan.execute,8640,200,300,21.450000
flutter_dspc,RfftPlan.executeSpec,8640,200,300,21.210000
flutter_dspc,FFTStatic.fft,8640,200,300,60.530000
flutter_dspc,CfftPlan.fft,8640,200,300,43.813333
fftea,fftea.realFft,8640,200,300,175.763333
flutter_dspc,FFTStatic.rfft,8748,200,300,33.730000
flutter_dspc,FFTStatic.rfftMag,8748,200,300,33.530000
flutter_dspc,RfftPlan.execute,8748,200,300,25.603333
flutter_dspc,RfftPlan.executeSpec,8748,200,300,24.310000
flutter_dspc,FFTStatic.fft,8748,200,300,64.683333
flutter_dspc,CfftPlan.fft,8748,200,300,47.586667
fftea,fftea.realFft,8748,200,300,206.420000
flutter_dspc,FFTStatic.rfft,9000,200,300,31.740000
flutter_dspc,FFTStatic.rfftMag,9000,200,300,29.930000
flutter_dspc,RfftPlan.execute,9000,200,300,22.683333
flutter_dspc,RfftPlan.executeSpec,9000,200,300,22.313333
flutter_dspc,FFTStatic.fft,9000,200,300,65.266667
flutter_dspc,CfftPlan.fft,9000,200,300,47.223333
fftea,fftea.realFft,9000,200,300,195.570000
flutter_dspc,FFTStatic.rfft,9216,200,300,31.996667
flutter_dspc,FFTStatic.rfftMag,9216,200,300,30.340000
flutter_dspc,RfftPlan.execute,9216,200,300,23.216667
flutter_dspc,RfftPlan.executeSpec,9216,200,300,22.736667
flutter_dspc,FFTStatic.fft,9216,200,300,62.403333
flutter_dspc,CfftPlan.fft,9216,200,300,43.563333
fftea,fftea.realFft,9216,200,300,174.103333
flutter_dspc,FFTStatic.rfft,9600,200,300,32.773333
flutter_dspc,FFTStatic.rfftMag,9600,200,300,33.343333
flutter_dspc,RfftPlan.execute,9600,200,300,23.853333
flutter_dspc,RfftPlan.executeSpec,9600,200,300,23.276667
flutter_dspc,FFTStatic.fft,9600,200,300,67.570000
flutter_dspc,CfftPlan.fft,9600,200,300,49.230000
fftea,fftea.realFft,9600,200,300,196.583333
flutter_dspc,FFTStatic.rfft,9720,200,300,34.910000
flutter_dspc,FFTStatic.rfftMag,9720,200,300,33.526667
flutter_dspc,RfftPlan.execute,9720,200,300,26.283333
flutter_dspc,RfftPlan.executeSpec,9720,200,300,25.540000
flutter_dspc,FFTStatic.fft,9720,200,300,71.713333
flutter_dspc,CfftPlan.fft,9720,200,300,53.503333
fftea,fftea.realFft,9720,200,300,227.746667
flutter_dspc,FFTStatic.rfft,10000,200,300,35.156667
flutter_dspc,FFTStatic.rfftMag,10000,200,300,32.766667
flutter_dspc,RfftPlan.execute,10000,200,300,24.773333
flutter_dspc,RfftPlan.executeSpec,10000,200,300,24.373333
flutter_dspc,FFTStatic.fft,10000,200,300,69.933333
flutter_dspc,CfftPlan.fft,10000,200,300,51.486667
fftea,fftea.realFft,10000,200,300,198.390000
flutter_dspc,FFTStatic.rfft,10240,200,300,34.903333
flutter_dspc,FFTStatic.rfftMag,10240,200,300,32.243333
flutter_dspc,RfftPlan.execute,10240,200,300,24.420000
flutter_dspc,RfftPlan.executeSpec,10240,200,300,23.916667
flutter_dspc,FFTStatic.fft,10240,200,300,69.090000
flutter_dspc,CfftPlan.fft,10240,200,300,49.203333
fftea,fftea.realFft,10240,200,300,195.263333
flutter_dspc,FFTStatic.rfft,10368,200,300,39.233333
flutter_dspc,FFTStatic.rfftMag,10368,200,300,35.486667
flutter_dspc,RfftPlan.execute,10368,200,300,27.806667
flutter_dspc,RfftPlan.executeSpec,10368,200,300,27.106667
flutter_dspc,FFTStatic.fft,10368,200,300,72.720000
flutter_dspc,CfftPlan.fft,10368,200,300,53.833333
fftea,fftea.realFft,10368,200,300,224.940000
flutter_dspc,FFTStatic.rfft,10800,200,300,38.626667
flutter_dspc,FFTStatic.rfftMag,10800,200,300,36.113333
flutter_dspc,RfftPlan.execute,10800,200,300,27.963333
flutter_dspc,RfftPlan.executeSpec,10800,200,300,27.073333
flutter_dspc,FFTStatic.fft,10800,200,300,77.106667
flutter_dspc,CfftPlan.fft,10800,200,300,57.606667
fftea,fftea.realFft,10800,200,300,232.713333
flutter_dspc,FFTStatic.rfft,11250,200,300,45.020000
flutter_dspc,FFTStatic.rfftMag,11250,200,300,39.986667
flutter_dspc,RfftPlan.execute,11250,200,300,31.336667
flutter_dspc,RfftPlan.executeSpec,11250,200,300,29.600000
flutter_dspc,FFTStatic.fft,11250,200,300,90.606667
flutter_dspc,CfftPlan.fft,11250,200,300,66.586667
fftea,fftea.realFft,11250,200,300,261.313333
flutter_dspc,FFTStatic.rfft,11520,200,300,39.530000
flutter_dspc,FFTStatic.rfftMag,11520,200,300,38.690000
flutter_dspc,RfftPlan.execute,11520,200,300,29.086667
flutter_dspc,RfftPlan.executeSpec,11520,200,300,27.840000
flutter_dspc,FFTStatic.fft,11520,200,300,92.613333
flutter_dspc,CfftPlan.fft,11520,200,300,57.410000
fftea,fftea.realFft,11520,200,300,234.846667
flutter_dspc,FFTStatic.rfft,11664,200,300,45.803333
flutter_dspc,FFTStatic.rfftMag,11664,200,300,42.136667
flutter_dspc,RfftPlan.execute,11664,200,300,33.366667
flutter_dspc,RfftPlan.executeSpec,11664,200,300,32.506667
flutter_dspc,FFTStatic.fft,11664,200,300,85.413333
flutter_dspc,CfftPlan.fft,11664,200,300,63.076667
fftea,fftea.realFft,11664,200,300,274.456667
flutter_dspc,FFTStatic.rfft,12000,200,300,41.500000
flutter_dspc,FFTStatic.rfftMag,12000,200,300,39.490000
flutter_dspc,RfftPlan.execute,12000,200,300,30.623333
flutter_dspc,RfftPlan.executeSpec,12000,200,300,30.110000
flutter_dspc,FFTStatic.fft,12000,200,300,87.140000
flutter_dspc,CfftPlan.fft,12000,200,300,63.416667
fftea,fftea.realFft,12000,200,300,259.423333
flutter_dspc,FFTStatic.rfft,12150,200,300,52.483333
flutter_dspc,FFTStatic.rfftMag,12150,200,300,49.080000
flutter_dspc,RfftPlan.execute,12150,200,300,35.136667
flutter_dspc,RfftPlan.executeSpec,12150,200,300,32.673333
flutter_dspc,FFTStatic.fft,12150,200,300,101.280000
flutter_dspc,CfftPlan.fft,12150,200,300,73.236667
fftea,fftea.realFft,12150,200,300,303.173333
flutter_dspc,FFTStatic.rfft,12288,200,300,46.300000
flutter_dspc,FFTStatic.rfftMag,12288,200,300,40.173333
flutter_dspc,RfftPlan.execute,12288,200,300,31.140000
flutter_dspc,RfftPlan.executeSpec,12288,200,300,30.200000
flutter_dspc,FFTStatic.fft,12288,200,300,83.896667
flutter_dspc,CfftPlan.fft,12288,200,300,60.600000
fftea,fftea.realFft,12288,200,300,232.803333
flutter_dspc,FFTStatic.rfft,12500,200,300,47.170000
flutter_dspc,FFTStatic.rfftMag,12500,200,300,45.096667
flutter_dspc,RfftPlan.execute,12500,200,300,33.616667
flutter_dspc,RfftPlan.executeSpec,12500,200,300,31.906667
flutter_dspc,FFTStatic.fft,12500,200,300,89.743333
flutter_dspc,CfftPlan.fft,12500,200,300,67.336667
fftea,fftea.realFft,12500,200,300,262.416667
flutter_dspc,FFTStatic.rfft,12800,200,300,43.133333
flutter_dspc,FFTStatic.rfftMag,12800,200,300,40.620000
flutter_dspc,RfftPlan.execute,12800,200,300,30.913333
flutter_dspc,RfftPlan.executeSpec,12800,200,300,30.460000
flutter_dspc,FFTStatic.fft,12800,200,300,97.806667
flutter_dspc,CfftPlan.fft,12800,200,300,64.543333
fftea,fftea.realFft,12800,200,300,255.286667
flutter_dspc,FFTStatic.rfft,12960,200,300,57.040000
flutter_dspc,FFTStatic.rfftMag,12960,200,300,44.336667
flutter_dspc,RfftPlan.execute,12960,200,300,35.130000
flutter_dspc,RfftPlan.executeSpec,12960,200,300,33.943333
flutter_dspc,FFTStatic.fft,12960,200,300,101.333333
flutter_dspc,CfftPlan.fft,12960,200,300,70.690000
fftea,fftea.realFft,12960,200,300,306.736667
flutter_dspc,FFTStatic.rfft,13122,200,300,56.610000
flutter_dspc,FFTStatic.rfftMag,13122,200,300,51.590000
flutter_dspc,RfftPlan.execute,13122,200,300,41.666667
flutter_dspc,RfftPlan.executeSpec,13122,200,300,39.783333
flutter_dspc,FFTStatic.fft,13122,200,300,103.396667
flutter_dspc,CfftPlan.fft,13122,200,300,80.596667
fftea,fftea.realFft,13122,200,300,353.890000
flutter_dspc,FFTStatic.rfft,13500,200,300,56.320000
flutter_dspc,FFTStatic.rfftMag,13500,200,300,45.616667
flutter_dspc,RfftPlan.execute,13500,200,300,39.220000
flutter_dspc,RfftPlan.executeSpec,13500,200,300,36.863333
flutter_dspc,FFTStatic.fft,13500,200,300,98.750000
flutter_dspc,CfftPlan.fft,13500,200,300,75.416667
fftea,fftea.realFft,13500,200,300,313.696667
flutter_dspc,FFTStatic.rfft,13824,200,300,55.490000
flutter_dspc,FFTStatic.rfftMag,13824,200,300,47.260000
flutter_dspc,RfftPlan.execute,13824,200,300,36.276667
flutter_dspc,RfftPlan.executeSpec,13824,200,300,35.780000
flutter_dspc,FFTStatic.fft,13824,200,300,93.710000
flutter_dspc,CfftPlan.fft,13824,200,300,70.676667
fftea,fftea.realFft,13824,200,300,298.800000
flutter_dspc,FFTStatic.rfft,14400,200,300,52.593333
flutter_dspc,FFTStatic.rfftMag,14400,200,300,49.310000
flutter_dspc,RfftPlan.execute,14400,200,300,36.756667
flutter_dspc,RfftPlan.executeSpec,14400,200,300,36.226667
flutter_dspc,FFTStatic.fft,14400,200,300,110.653333
flutter_dspc,CfftPlan.fft,14400,200,300,75.243333
fftea,fftea.realFft,14400,200,300,310.870000
flutter_dspc,FFTStatic.rfft,14580,200,300,60.830000
flutter_dspc,FFTStatic.rfftMag,14580,200,300,57.353333
flutter_dspc,RfftPlan.execute,14580,200,300,40.510000
flutter_dspc,RfftPlan.executeSpec,14580,200,300,44.490000
flutter_dspc,FFTStatic.fft,14580,200,300,107.313333
flutter_dspc,CfftPlan.fft,14580,200,300,82.106667
fftea,fftea.realFft,14580,200,300,360.653333
flutter_dspc,FFTStatic.rfft,15000,200,300,59.593333
flutter_dspc,FFTStatic.rfftMag,15000,200,300,51.333333
flutter_dspc,RfftPlan.execute,15000,200,300,40.093333
flutter_dspc,RfftPlan.executeSpec,15000,200,300,39.113333
flutter_dspc,FFTStatic.fft,15000,200,300,114.596667
flutter_dspc,CfftPlan.fft,15000,200,300,81.863333
fftea,fftea.realFft,15000,200,300,339.573333
flutter_dspc,FFTStatic.rfft,15360,200,300,52.440000
flutter_dspc,FFTStatic.rfftMag,15360,200,300,54.923333
flutter_dspc,RfftPlan.execute,15360,200,300,38.260000
flutter_dspc,RfftPlan.executeSpec,15360,200,300,37.286667
flutter_dspc,FFTStatic.fft,15360,200,300,105.176667
flutter_dspc,CfftPlan.fft,15360,200,300,76.090000
fftea,fftea.realFft,15360,200,300,306.976667
flutter_dspc,FFTStatic.rfft,15552,200,300,63.743333
flutter_dspc,FFTStatic.rfftMag,15552,200,300,58.153333
flutter_dspc,RfftPlan.execute,15552,200,300,43.143333
flutter_dspc,RfftPlan.executeSpec,15552,200,300,42.180000
flutter_dspc,FFTStatic.fft,15552,200,300,114.070000
flutter_dspc,CfftPlan.fft,15552,200,300,83.626667
fftea,fftea.realFft,15552,200,300,359.196667
flutter_dspc,FFTStatic.rfft,16000,200,300,62.733333
flutter_dspc,FFTStatic.rfftMag,16000,200,300,53.483333
flutter_dspc,RfftPlan.execute,16000,200,300,40.766667
flutter_dspc,RfftPlan.executeSpec,16000,200,300,39.876667
flutter_dspc,FFTStatic.fft,16000,200,300,121.673333
flutter_dspc,CfftPlan.fft,16000,200,300,83.336667
fftea,fftea.realFft,16000,200,300,342.176667
flutter_dspc,FFTStatic.rfft,16200,200,300,59.220000
flutter_dspc,FFTStatic.rfftMag,16200,200,300,58.753333
flutter_dspc,RfftPlan.execute,16200,200,300,44.680000
flutter_dspc,RfftPlan.executeSpec,16200,200,300,44.106667
flutter_dspc,FFTStatic.fft,16200,200,300,120.300000
flutter_dspc,CfftPlan.fft,16200,200,300,92.000000
fftea,fftea.realFft,16200,200,300,392.340000
flutter_dspc,FFTStatic.rfft,16384,200,300,57.323333
flutter_dspc,FFTStatic.rfftMag,16384,200,300,58.180000
flutter_dspc,RfftPlan.execute,16384,200,300,41.180000
flutter_dspc,RfftPlan.executeSpec,16384,200,300,40.430000
flutter_dspc,FFTStatic.fft,16384,200,300,112.613333
flutter_dspc,CfftPlan.fft,16384,200,300,80.966667
fftea,fftea.realFft,16384,200,300,279.283333
flutter_dspc,FFTStatic.rfft,17280,200,100,63.090000
flutter_dspc,FFTStatic.rfftMag,17280,200,100,68.160000
flutter_dspc,RfftPlan.execute,17280,200,100,46.550000
flutter_dspc,RfftPlan.executeSpec,17280,200,100,45.740000
flutter_dspc,FFTStatic.fft,17280,200,100,124.160000
flutter_dspc,CfftPlan.fft,17280,200,100,94.400000
fftea,fftea.realFft,17280,200,100,430.600000
flutter_dspc,FFTStatic.rfft,17496,200,100,74.400000
flutter_dspc,FFTStatic.rfftMag,17496,200,100,70.410000
flutter_dspc,RfftPlan.execute,17496,200,100,52.340000
flutter_dspc,RfftPlan.executeSpec,17496,200,100,51.140000
flutter_dspc,FFTStatic.fft,17496,200,100,131.990000
flutter_dspc,CfftPlan.fft,17496,200,100,100.220000
fftea,fftea.realFft,17496,200,100,496.630000
flutter_dspc,FFTStatic.rfft,18000,200,100,75.640000
flutter_dspc,FFTStatic.rfftMag,18000,200,100,68.010000
flutter_dspc,RfftPlan.execute,18000,200,100,47.690000
flutter_dspc,RfftPlan.executeSpec,18000,200,100,46.440000
flutter_dspc,FFTStatic.fft,18000,200,100,141.280000
flutter_dspc,CfftPlan.fft,18000,200,100,99.860000
fftea,fftea.realFft,18000,200,100,441.170000
flutter_dspc,FFTStatic.rfft,18432,200,100,79.440000
flutter_dspc,FFTStatic.rfftMag,18432,200,100,64.260000
flutter_dspc,RfftPlan.execute,18432,200,100,50.460000
flutter_dspc,RfftPlan.executeSpec,18432,200,100,49.040000
flutter_dspc,FFTStatic.fft,18432,200,100,128.360000
flutter_dspc,CfftPlan.fft,18432,200,100,94.030000
fftea,fftea.realFft,18432,200,100,439.260000
flutter_dspc,FFTStatic.rfft,18750,200,100,94.360000
flutter_dspc,FFTStatic.rfftMag,18750,200,100,90.870000
flutter_dspc,RfftPlan.execute,18750,200,100,59.360000
flutter_dspc,RfftPlan.executeSpec,18750,200,100,52.060000
flutter_dspc,FFTStatic.fft,18750,200,100,165.000000
flutter_dspc,CfftPlan.fft,18750,200,100,116.330000
fftea,fftea.realFft,18750,200,100,495.870000
flutter_dspc,FFTStatic.rfft,19200,200,100,68.170000
flutter_dspc,FFTStatic.rfftMag,19200,200,100,63.570000
flutter_dspc,RfftPlan.execute,19200,200,100,49.650000
flutter_dspc,RfftPlan.executeSpec,19200,200,100,48.200000
flutter_dspc,FFTStatic.fft,19200,200,100,151.420000
flutter_dspc,CfftPlan.fft,19200,200,100,100.780000
fftea,fftea.realFft,19200,200,100,471.860000
flutter_dspc,FFTStatic.rfft,19440,200,100,73.350000
flutter_dspc,FFTStatic.rfftMag,19440,200,100,74.130000
flutter_dspc,RfftPlan.execute,19440,200,100,54.170000
flutter_dspc,RfftPlan.executeSpec,19440,200,100,53.520000
flutter_dspc,FFTStatic.fft,19440,200,100,157.950000
flutter_dspc,CfftPlan.fft,19440,200,100,109.020000
fftea,fftea.realFft,19440,200,100,516.740000
flutter_dspc,FFTStatic.rfft,20000,200,100,84.810000
flutter_dspc,FFTStatic.rfftMag,20000,200,100,80.400000
flutter_dspc,RfftPlan.execute,20000,200,100,53.960000
flutter_dspc,RfftPlan.executeSpec,20000,200,100,52.150000
flutter_dspc,FFTStatic.fft,20000,200,100,143.950000
flutter_dspc,CfftPlan.fft,20000,200,100,110.000000
fftea,fftea.realFft,20000,200,100,496.910000
flutter_dspc,FFTStatic.rfft,20250,200,100,100.700000
flutter_dspc,FFTStatic.rfftMag,20250,200,100,86.560000
flutter_dspc,RfftPlan.execute,20250,200,100,66.210000
flutter_dspc,RfftPlan.executeSpec,20250,200,100,67.900000
flutter_dspc,FFTStatic.fft,20250,200,100,166.920000
flutter_dspc,CfftPlan.fft,20250,200,100,126.840000
fftea,fftea.realFft,20250,200,100,569.510000
flutter_dspc,FFTStatic.rfft,20480,200,100,71.190000
flutter_dspc,FFTStatic.rfftMag,20480,200,100,70.900000
flutter_dspc,RfftPlan.execute,20480,200,100,52.120000
flutter_dspc,RfftPlan.executeSpec,20480,200,100,50.770000
flutter_dspc,FFTStatic.fft,20480,200,100,145.820000
flutter_dspc,CfftPlan.fft,20480,200,100,106.070000
fftea,fftea.realFft,20480,200,100,458.260000
flutter_dspc,FFTStatic.rfft,20736,200,100,77.570000
flutter_dspc,FFTStatic.rfftMag,20736,200,100,82.950000
flutter_dspc,RfftPlan.execute,20736,200,100,58.690000
flutter_dspc,RfftPlan.executeSpec,20736,200,100,57.730000
flutter_dspc,FFTStatic.fft,20736,200,100,153.590000
flutter_dspc,CfftPlan.fft,20736,200,100,111.340000
fftea,fftea.realFft,20736,200,100,519.840000
flutter_dspc,FFTStatic.rfft,21600,200,100,101.090000
flutter_dspc,FFTStatic.rfftMag,21600,200,100,95.210000
flutter_dspc,RfftPlan.execute,21600,200,100,59.670000
flutter_dspc,RfftPlan.executeSpec,21600,200,100,58.690000
flutter_dspc,FFTStatic.fft,21600,200,100,172.560000
flutter_dspc,CfftPlan.fft,21600,200,100,123.690000
fftea,fftea.realFft,21600,200,100,574.520000
flutter_dspc,FFTStatic.rfft,21870,200,100,103.970000
flutter_dspc,FFTStatic.rfftMag,21870,200,100,86.390000
flutter_dspc,RfftPlan.execute,21870,200,100,70.030000
flutter_dspc,RfftPlan.executeSpec,21870,200,100,73.230000
flutter_dspc,FFTStatic.fft,21870,200,100,192.170000
flutter_dspc,CfftPlan.fft,21870,200,100,139.570000
fftea,fftea.realFft,21870,200,100,646.490000
flutter_dspc,FFTStatic.rfft,22500,200,100,100.860000
flutter_dspc,FFTStatic.rfftMag,22500,200,100,88.470000
flutter_dspc,RfftPlan.execute,22500,200,100,67.540000
flutter_dspc,RfftPlan.executeSpec,22500,200,100,70.990000
flutter_dspc,FFTStatic.fft,22500,200,100,186.900000
flutter_dspc,CfftPlan.fft,22500,200,100,130.200000
fftea,fftea.realFft,22500,200,100,579.820000
flutter_dspc,FFTStatic.rfft,23040,200,100,84.230000
flutter_dspc,FFTStatic.rfftMag,23040,200,100,90.360000
flutter_dspc,RfftPlan.execute,23040,200,100,63.390000
flutter_dspc,RfftPlan.executeSpec,23040,200,100,61.990000
flutter_dspc,FFTStatic.fft,23040,200,100,178.110000
flutter_dspc,CfftPlan.fft,23040,200,100,123.110000
fftea,fftea.realFft,23040,200,100,554.870000
flutter_dspc,FFTStatic.rfft,23328,200,100,114.300000
flutter_dspc,FFTStatic.rfftMag,23328,200,100,97.440000
flutter_dspc,RfftPlan.execute,23328,200,100,70.420000
flutter_dspc,RfftPlan.executeSpec,23328,200,100,68.970000
flutter_dspc,FFTStatic.fft,23328,200,100,188.280000
flutter_dspc,CfftPlan.fft,23328,200,100,134.430000
fftea,fftea.realFft,23328,200,100,628.150000
flutter_dspc,FFTStatic.rfft,24000,200,100,85.390000
flutter_dspc,FFTStatic.rfftMag,24000,200,100,82.430000
flutter_dspc,RfftPlan.execute,24000,200,100,64.690000
flutter_dspc,RfftPlan.executeSpec,24000,200,100,62.210000
flutter_dspc,FFTStatic.fft,24000,200,100,178.390000
flutter_dspc,CfftPlan.fft,24000,200,100,133.340000
fftea,fftea.realFft,24000,200,100,554.730000
flutter_dspc,FFTStatic.rfft,24300,200,100,110.350000
flutter_dspc,FFTStatic.rfftMag,24300,200,100,100.100000
flutter_dspc,RfftPlan.execute,24300,200,100,77.210000
flutter_dspc,RfftPlan.executeSpec,24300,200,100,78.170000
flutter_dspc,FFTStatic.fft,24300,200,100,183.780000
flutter_dspc,CfftPlan.fft,24300,200,100,143.530000
fftea,fftea.realFft,24300,200,100,649.570000
flutter_dspc,FFTStatic.rfft,24576,200,100,100.960000
flutter_dspc,FFTStatic.rfftMag,24576,200,100,95.700000
flutter_dspc,RfftPlan.execute,24576,200,100,69.120000
flutter_dspc,RfftPlan.executeSpec,24576,200,100,67.640000
flutter_dspc,FFTStatic.fft,24576,200,100,179.230000
flutter_dspc,CfftPlan.fft,24576,200,100,127.590000
fftea,fftea.realFft,24576,200,100,561.090000
flutter_dspc,FFTStatic.rfft,25000,200,100,92.950000
flutter_dspc,FFTStatic.rfftMag,25000,200,100,109.860000
flutter_dspc,RfftPlan.execute,25000,200,100,70.900000
flutter_dspc,RfftPlan.executeSpec,25000,200,100,68.980000
flutter_dspc,FFTStatic.fft,25000,200,100,206.510000
flutter_dspc,CfftPlan.fft,25000,200,100,143.380000
fftea,fftea.realFft,25000,200,100,614.010000
flutter_dspc,FFTStatic.rfft,25600,200,100,96.930000
flutter_dspc,FFTStatic.rfftMag,25600,200,100,83.890000
flutter_dspc,RfftPlan.execute,25600,200,100,65.500000
flutter_dspc,RfftPlan.executeSpec,25600,200,100,64.250000
flutter_dspc,FFTStatic.fft,25600,200,100,188.320000
flutter_dspc,CfftPlan.fft,25600,200,100,133.060000
fftea,fftea.realFft,25600,200,100,557.430000
flutter_dspc,FFTStatic.rfft,25920,200,100,95.470000
flutter_dspc,FFTStatic.rfftMag,25920,200,100,98.520000
flutter_dspc,RfftPlan.execute,25920,200,100,73.170000
flutter_dspc,RfftPlan.executeSpec,25920,200,100,71.510000
flutter_dspc,FFTStatic.fft,25920,200,100,202.100000
flutter_dspc,CfftPlan.fft,25920,200,100,148.840000
fftea,fftea.realFft,25920,200,100,679.170000
flutter_dspc,FFTStatic.rfft,26244,200,100,109.130000
flutter_dspc,FFTStatic.rfftMag,26244,200,100,105.070000
flutter_dspc,RfftPlan.execute,26244,200,100,87.830000
flutter_dspc,RfftPlan.executeSpec,26244,200,100,86.440000
flutter_dspc,FFTStatic.fft,26244,200,100,221.440000
flutter_dspc,CfftPlan.fft,26244,200,100,155.180000
fftea,fftea.realFft,26244,200,100,779.830000
flutter_dspc,FFTStatic.rfft,27000,200,100,118.570000
flutter_dspc,FFTStatic.rfftMag,27000,200,100,103.490000
flutter_dspc,RfftPlan.execute,27000,200,100,77.150000
flutter_dspc,RfftPlan.executeSpec,27000,200,100,75.340000
flutter_dspc,FFTStatic.fft,27000,200,100,225.340000
flutter_dspc,CfftPlan.fft,27000,200,100,158.260000
fftea,fftea.realFft,27000,200,100,739.790000
flutter_dspc,FFTStatic.rfft,27648,200,100,118.820000
flutter_dspc,FFTStatic.rfftMag,27648,200,100,100.710000
flutter_dspc,RfftPlan.execute,27648,200,100,77.560000
flutter_dspc,RfftPlan.executeSpec,27648,200,100,75.610000
flutter_dspc,FFTStatic.fft,27648,200,100,212.580000
flutter_dspc,CfftPlan.fft,27648,200,100,146.160000
fftea,fftea.realFft,27648,200,100,645.410000
flutter_dspc,FFTStatic.rfft,28800,200,100,118.230000
flutter_dspc,FFTStatic.rfftMag,28800,200,100,114.190000
flutter_dspc,RfftPlan.execute,28800,200,100,81.370000
flutter_dspc,RfftPlan.executeSpec,28800,200,100,78.960000
flutter_dspc,FFTStatic.fft,28800,200,100,230.920000
flutter_dspc,CfftPlan.fft,28800,200,100,163.550000
fftea,fftea.realFft,28800,200,100,712.730000
flutter_dspc,FFTStatic.rfft,29160,200,100,116.470000
flutter_dspc,FFTStatic.rfftMag,29160,200,100,123.090000
flutter_dspc,RfftPlan.execute,29160,200,100,89.760000
flutter_dspc,RfftPlan.executeSpec,29160,200,100,86.460000
flutter_dspc,FFTStatic.fft,29160,200,100,236.900000
flutter_dspc,CfftPlan.fft,29160,200,100,191.760000
fftea,fftea.realFft,29160,200,100,816.130000
flutter_dspc,FFTStatic.rfft,30000,200,100,134.690000
flutter_dspc,FFTStatic.rfftMag,30000,200,100,118.740000
flutter_dspc,RfftPlan.execute,30000,200,100,84.710000
flutter_dspc,RfftPlan.executeSpec,30000,200,100,82.540000
flutter_dspc,FFTStatic.fft,30000,200,100,240.240000
flutter_dspc,CfftPlan.fft,30000,200,100,176.060000
fftea,fftea.realFft,30000,200,100,784.430000
flutter_dspc,FFTStatic.rfft,30720,200,100,131.180000
flutter_dspc,FFTStatic.rfftMag,30720,200,100,105.800000
flutter_dspc,RfftPlan.execute,30720,200,100,84.140000
flutter_dspc,RfftPlan.executeSpec,30720,200,100,82.050000
flutter_dspc,FFTStatic.fft,30720,200,100,216.530000
flutter_dspc,CfftPlan.fft,30720,200,100,165.610000
fftea,fftea.realFft,30720,200,100,764.840000
flutter_dspc,FFTStatic.rfft,31104,200,100,120.860000
flutter_dspc,FFTStatic.rfftMag,31104,200,100,129.860000
flutter_dspc,RfftPlan.execute,31104,200,100,95.140000
flutter_dspc,RfftPlan.executeSpec,31104,200,100,92.230000
flutter_dspc,FFTStatic.fft,31104,200,100,242.090000
flutter_dspc,CfftPlan.fft,31104,200,100,178.320000
fftea,fftea.realFft,31104,200,100,814.380000
flutter_dspc,FFTStatic.rfft,31250,200,100,152.920000
flutter_dspc,FFTStatic.rfftMag,31250,200,100,137.180000
flutter_dspc,RfftPlan.execute,31250,200,100,105.280000
flutter_dspc,RfftPlan.executeSpec,31250,200,100,91.660000
flutter_dspc,FFTStatic.fft,31250,200,100,249.340000
flutter_dspc,CfftPlan.fft,31250,200,100,196.690000
fftea,fftea.realFft,31250,200,100,810.640000
flutter_dspc,FFTStatic.rfft,32000,200,100,113.160000
flutter_dspc,FFTStatic.rfftMag,32000,200,100,108.970000
flutter_dspc,RfftPlan.execute,32000,200,100,86.410000
flutter_dspc,RfftPlan.executeSpec,32000,200,100,83.990000
flutter_dspc,FFTStatic.fft,32000,200,100,245.880000
flutter_dspc,CfftPlan.fft,32000,200,100,174.630000
fftea,fftea.realFft,32000,200,100,780.350000
flutter_dspc,FFTStatic.rfft,32400,200,100,151.390000
flutter_dspc,FFTStatic.rfftMag,32400,200,100,122.050000
flutter_dspc,RfftPlan.execute,32400,200,100,94.010000
flutter_dspc,RfftPlan.executeSpec,32400,200,100,91.520000
flutter_dspc,FFTStatic.fft,32400,200,100,252.390000
flutter_dspc,CfftPlan.fft,32400,200,100,190.230000
fftea,fftea.realFft,32400,200,100,884.740000
flutter_dspc,FFTStatic.rfft,32768,200,100,121.290000
flutter_dspc,FFTStatic.rfftMag,32768,200,100,131.220000
flutter_dspc,RfftPlan.execute,32768,200,100,94.430000
flutter_dspc,RfftPlan.executeSpec,32768,200,100,91.410000
flutter_dspc,FFTStatic.fft,32768,200,100,239.370000
flutter_dspc,CfftPlan.fft,32768,200,100,168.810000
fftea,fftea.realFft,32768,200,100,539.570000
